feature,source_group,feature_type,non_null_count,null_ratio,first_valid_date,last_valid_date,latest_value,history_days,usable_for_scoring,usable_for_research,usable_for_dashboard,is_current_only,is_placeholder,is_forward_looking,is_label_or_phase,is_core_macro,is_core_liquidity,is_core_risk,is_core_crypto,eligibility_status,exclusion_reason,notes
us10y_real,rates,raw_level,2315,0.2481325105553751,2020-01-02,2026-05-04,1.94,2315,True,True,True,False,False,False,False,True,False,True,False,scoring_ready,,field_forward_filled;field_standardized
us10y_real_change_30d,rates,absolute_change,2285,0.2578759337447223,2020-02-01,2026-05-04,-0.050000000000000044,2285,True,True,True,False,False,False,False,True,False,True,False,scoring_ready,,field_computed
hy_oas,risk_appetite,raw_level,1099,0.6430659304969146,2023-05-02,2026-05-04,2.83,1099,True,True,True,False,False,False,False,True,False,True,False,scoring_ready,,field_forward_filled;field_standardized
vix,risk_appetite,raw_level,2315,0.2481325105553751,2020-01-02,2026-05-04,16.89,2315,True,True,True,False,False,False,False,True,False,True,False,scoring_ready,,field_forward_filled;field_standardized
dff,fed_policy,raw_level,2316,0.2478077297823968,2020-01-01,2026-05-04,3.64,2316,True,True,True,False,False,False,False,True,False,False,False,scoring_ready,,field_forward_filled;field_standardized
dff_change_30d,fed_policy,absolute_change,2286,0.2575511529717441,2020-01-31,2026-05-04,0.0,2286,True,True,True,False,False,False,False,True,False,False,False,scoring_ready,,field_computed
m2_yoy,money_supply,raw_level,1951,0.3663527119194543,2020-12-31,2026-05-04,0.039026468015333826,1951,True,True,True,False,False,False,False,True,False,False,False,scoring_ready,,field_computed
yield_curve_10y_2y,rates,raw_level,2315,0.2481325105553751,2020-01-02,2026-05-04,0.5200000000000005,2315,True,True,True,False,False,False,False,True,False,False,False,scoring_ready,,field_computed
total_stablecoin_supply,stablecoin_liquidity,raw_level,3079,0.0,2017-11-29,2026-05-04,319456944757.06,3079,True,True,True,False,False,False,False,False,True,False,False,scoring_ready,,field_forward_filled;source:stablecoin_liquidity
total_stablecoin_supply_change_30d,stablecoin_liquidity,absolute_change,3049,0.0097434231893471,2017-12-29,2026-05-04,3910681617.0599976,3049,True,True,True,False,False,False,False,False,True,False,False,scoring_ready,,source:stablecoin_liquidity
total_stablecoin_supply_change_90d,stablecoin_liquidity,absolute_change,2989,0.0292302695680415,2018-02-27,2026-05-04,14421771797.059998,2989,True,True,True,False,False,False,False,False,True,False,False,scoring_ready,,source:stablecoin_liquidity
total_stablecoin_supply_zscore_252d,stablecoin_liquidity,zscore,2954,0.0405975966222799,2018-04-03,2026-05-04,1.4969157703743945,2954,True,True,True,False,False,False,False,False,True,False,False,scoring_ready,,source:stablecoin_liquidity
net_liquidity,usd_liquidity,raw_level,2315,0.2481325105553751,2020-01-02,2026-05-04,5729.96,2315,True,True,True,False,False,False,False,False,True,False,False,scoring_ready,,field_forward_filled;source:usd_liquidity
net_liquidity_change_30d,usd_liquidity,absolute_change,2285,0.2578759337447223,2020-02-01,2026-05-04,-191.1189999999997,2285,True,True,True,False,False,False,False,False,True,False,False,scoring_ready,,field_computed;source:usd_liquidity
net_liquidity_change_90d,usd_liquidity,absolute_change,2225,0.2773627801234167,2020-04-01,2026-05-04,52.068999999999505,2225,True,True,True,False,False,False,False,False,True,False,False,scoring_ready,,field_computed;source:usd_liquidity
net_liquidity_pct_change_30d,usd_liquidity,pct_change,2285,0.2578759337447223,2020-02-01,2026-05-04,-0.03227773181205651,2285,True,True,True,False,False,False,False,False,True,False,False,scoring_ready,,field_computed;source:usd_liquidity
net_liquidity_pct_change_90d,usd_liquidity,pct_change,2225,0.2773627801234167,2020-04-01,2026-05-04,0.009170482490769905,2225,True,True,True,False,False,False,False,False,True,False,False,scoring_ready,,field_computed;source:usd_liquidity
net_liquidity_zscore_252d,usd_liquidity,zscore,2190,0.288730107177655,2020-05-06,2026-05-04,-0.16095347719692937,2190,True,True,True,False,False,False,False,False,True,False,False,scoring_ready,,field_computed;source:usd_liquidity
tga_billion,usd_liquidity,raw_level,2315,0.2481325105553751,2020-01-02,2026-05-04,969.383,2315,True,True,True,False,False,False,False,False,True,False,False,scoring_ready,,field_forward_filled;source:usd_liquidity
tga_billion_change_30d,usd_liquidity,absolute_change,2285,0.2578759337447223,2020-02-01,2026-05-04,215.44500000000005,2285,True,True,True,False,False,False,False,False,True,False,False,scoring_ready,,field_computed;source:usd_liquidity
hy_oas_change_30d,risk_appetite,absolute_change,1069,0.6528093536862618,2023-06-01,2026-05-04,-0.2999999999999998,1069,True,True,True,False,False,False,False,False,False,True,False,scoring_ready,,field_computed
vix_change_30d,risk_appetite,absolute_change,2285,0.2578759337447223,2020-02-01,2026-05-04,-6.98,2285,True,True,True,False,False,False,False,False,False,True,False,scoring_ready,,field_computed
btc_market_cap,btc_market,raw_level,360,0.8830789217278338,2025-05-10,2026-05-04,1573067635502.928,360,True,True,True,False,False,False,False,False,False,False,True,scoring_ready,,field_forward_filled_max_3d;source:btc_market;source:transmission
btc_price,btc_market,raw_level,360,0.8830789217278338,2025-05-10,2026-05-04,78562.55051754859,360,True,True,True,False,False,False,False,False,False,False,True,scoring_ready,,field_forward_filled_max_3d;source:btc_market;source:transmission
btc_return_30d,btc_market,return,330,0.8928223449171809,2025-06-09,2026-05-04,0.1736318033301167,330,True,True,True,False,False,False,False,False,False,False,True,scoring_ready,,source:transmission
btc_return_90d,btc_market,return,270,0.9123091912958752,2025-08-08,2026-05-04,-0.0026039575216401,270,True,True,True,False,False,False,False,False,False,False,True,scoring_ready,,source:transmission
btc_to_stablecoin_ratio,transmission,ratio,360,0.8830789217278338,2025-05-10,2026-05-04,4.924192950944333,360,True,True,True,False,False,False,False,False,False,False,True,scoring_ready,,source:transmission
liquidity_transmission_gap_30d,transmission,raw_level,2285,0.2578759337447223,2020-02-01,2026-05-04,-0.04467110189397341,2285,True,True,True,False,False,False,False,False,False,False,True,scoring_ready,,field_computed;source:transmission
liquidity_transmission_gap_90d,transmission,raw_level,2225,0.2773627801234167,2020-04-01,2026-05-04,-0.038108562929186095,2225,True,True,True,False,False,False,False,False,False,False,True,scoring_ready,,field_computed;source:transmission
net_liquidity_btc_growth_gap_30d,transmission,pct_change,330,0.8928223449171809,2025-06-09,2026-05-04,-0.20590953514217322,330,True,True,True,False,False,False,False,False,False,False,True,scoring_ready,,field_computed;source:transmission
net_liquidity_btc_growth_gap_90d,transmission,pct_change,270,0.9123091912958752,2025-08-08,2026-05-04,0.011774440012410004,270,True,True,True,False,False,False,False,False,False,False,True,scoring_ready,,field_computed;source:transmission
stablecoin_btc_growth_gap_30d,transmission,pct_change,330,0.8928223449171809,2025-06-09,2026-05-04,-0.1612384332481997,330,True,True,True,False,False,False,False,False,False,False,True,scoring_ready,,source:transmission
stablecoin_btc_growth_gap_90d,transmission,pct_change,270,0.9123091912958752,2025-08-08,2026-05-04,0.0498830029415962,270,True,True,True,False,False,False,False,False,False,False,True,scoring_ready,,source:transmission
stablecoin_to_btc_mcap,transmission,ratio,360,0.8830789217278338,2025-05-10,2026-05-04,0.2030789633879448,360,True,True,True,False,False,False,False,False,False,False,True,scoring_ready,,source:transmission
btc_return_180d,btc_market,return,180,0.9415394608639168,2025-11-06,2026-05-04,-0.2270149190527716,180,True,True,True,False,False,False,False,False,False,False,False,scoring_ready,,source:transmission
btc_return_7d,btc_market,return,353,0.8853523871386814,2025-05-17,2026-05-04,-0.0010499707836708,353,True,True,True,False,False,False,False,False,False,False,False,scoring_ready,,source:transmission
btc_volume,btc_market,raw_level,360,0.8830789217278338,2025-05-10,2026-05-04,21884574779.755363,360,True,True,True,False,False,False,False,False,False,False,False,scoring_ready,,field_forward_filled_max_3d;source:btc_market;source:transmission
dff_change_90d,fed_policy,absolute_change,2226,0.2770379993504384,2020-03-31,2026-05-04,0.0,2226,True,True,True,False,False,False,False,False,False,False,False,scoring_ready,,field_computed
dff_zscore_252d,fed_policy,zscore,2000,0.3504384540435206,2020-05-05,2026-05-04,-0.7563911696288269,2191,True,True,True,False,False,False,False,False,False,False,False,scoring_ready,,field_computed
policy_rate_change_30d,fed_policy,absolute_change,2286,0.2575511529717441,2020-01-31,2026-05-04,0.0,2286,True,True,True,False,False,False,False,False,False,False,False,scoring_ready,,
policy_rate_change_90d,fed_policy,absolute_change,2226,0.2770379993504384,2020-03-31,2026-05-04,0.0,2226,True,True,True,False,False,False,False,False,False,False,False,scoring_ready,,
m2,money_supply,raw_level,2316,0.2478077297823968,2020-01-01,2026-05-04,22686.0,2316,True,True,True,False,False,False,False,False,False,False,False,scoring_ready,,field_forward_filled;field_standardized;low_frequency_source
m2_3m_change,money_supply,raw_level,2226,0.2770379993504384,2020-03-31,2026-05-04,0.0025942114171819686,2226,True,True,True,False,False,False,False,False,False,False,False,scoring_ready,,field_computed
m2_change_30d,money_supply,absolute_change,2286,0.2575511529717441,2020-01-31,2026-05-04,0.0,2286,True,True,True,False,False,False,False,False,False,False,False,scoring_ready,,field_computed
m2_change_90d,money_supply,absolute_change,2226,0.2770379993504384,2020-03-31,2026-05-04,58.70000000000073,2226,True,True,True,False,False,False,False,False,False,False,False,scoring_ready,,field_computed
m2_pct_change_90d,money_supply,pct_change,2226,0.2770379993504384,2020-03-31,2026-05-04,0.0025942114171819686,2226,True,True,True,False,False,False,False,False,False,False,False,scoring_ready,,field_computed
breakeven_10y_proxy,rates,raw_level,2315,0.2481325105553751,2020-01-02,2026-05-04,2.4600000000000004,2315,True,True,True,False,False,False,False,False,False,False,False,scoring_ready,,field_computed
us10y,rates,raw_level,2315,0.2481325105553751,2020-01-02,2026-05-04,4.4,2315,True,True,True,False,False,False,False,False,False,False,False,scoring_ready,,field_forward_filled;field_standardized
us10y_change_30d,rates,absolute_change,2285,0.2578759337447223,2020-02-01,2026-05-04,0.05000000000000071,2285,True,True,True,False,False,False,False,False,False,False,False,scoring_ready,,field_computed
us10y_real_zscore_252d,rates,zscore,2190,0.288730107177655,2020-05-06,2026-05-04,0.9711799681651009,2190,True,True,True,False,False,False,False,False,False,False,False,scoring_ready,,field_computed
us2y,rates,raw_level,2315,0.2481325105553751,2020-01-02,2026-05-04,3.88,2315,True,True,True,False,False,False,False,False,False,False,False,scoring_ready,,field_forward_filled;field_standardized
us2y_change_30d,rates,absolute_change,2285,0.2578759337447223,2020-02-01,2026-05-04,0.040000000000000036,2285,True,True,True,False,False,False,False,False,False,False,False,scoring_ready,,field_computed
hy_oas_change_90d,risk_appetite,absolute_change,1009,0.6722962000649562,2023-07-31,2026-05-04,-0.020000000000000018,1009,True,True,True,False,False,False,False,False,False,False,False,scoring_ready,,field_computed
hy_oas_zscore_252d,risk_appetite,zscore,974,0.6836635271191945,2023-09-04,2026-05-04,-0.5944921287444005,974,True,True,True,False,False,False,False,False,False,False,False,scoring_ready,,field_computed
vix_change_90d,risk_appetite,absolute_change,2225,0.2773627801234167,2020-04-01,2026-05-04,-1.1099999999999994,2225,True,True,True,False,False,False,False,False,False,False,False,scoring_ready,,field_computed
vix_zscore_252d,risk_appetite,zscore,2190,0.288730107177655,2020-05-06,2026-05-04,-0.4490794146218934,2190,True,True,True,False,False,False,False,False,False,False,False,scoring_ready,,field_computed
stablecoin_supply_growth_30d,stablecoin_liquidity,pct_change,3049,0.0097434231893471,2017-12-29,2026-05-04,0.0123933700819169,3049,True,True,True,False,False,False,False,False,False,False,False,scoring_ready,,source:transmission
stablecoin_supply_growth_90d,stablecoin_liquidity,pct_change,2989,0.0292302695680415,2018-02-27,2026-05-04,0.047279045419956,2989,True,True,True,False,False,False,False,False,False,False,False,scoring_ready,,source:transmission
total_stablecoin_supply_change_7d,stablecoin_liquidity,absolute_change,3072,0.0022734654108476,2017-12-06,2026-05-04,687861832.0599976,3072,True,True,True,False,False,False,False,False,False,False,False,scoring_ready,,source:stablecoin_liquidity
total_stablecoin_supply_pct_change_30d,stablecoin_liquidity,pct_change,3049,0.0097434231893471,2017-12-29,2026-05-04,0.0123933700819169,3049,True,True,True,False,False,False,False,False,False,False,False,scoring_ready,,source:stablecoin_liquidity
total_stablecoin_supply_pct_change_90d,stablecoin_liquidity,pct_change,2989,0.0292302695680415,2018-02-27,2026-05-04,0.047279045419956,2989,True,True,True,False,False,False,False,False,False,False,False,scoring_ready,,source:stablecoin_liquidity
btc_to_stablecoin_ratio_zscore_252d,transmission,zscore,235,0.9236765183501136,2025-09-12,2026-05-04,-0.7678748659924864,235,True,True,True,False,False,False,False,False,False,False,False,scoring_ready,,source:transmission
liquidity_transmission_gap_30d_zscore_252d,transmission,zscore,2160,0.2984735303670022,2020-06-05,2026-05-04,-0.49773948530569906,2160,True,True,True,False,False,False,False,False,False,False,False,scoring_ready,,field_computed;source:transmission
liquidity_transmission_gap_90d_zscore_252d,transmission,zscore,2100,0.3179603767456966,2020-08-04,2026-05-04,0.5417403694760341,2100,True,True,True,False,False,False,False,False,False,False,False,scoring_ready,,field_computed;source:transmission
stablecoin_to_btc_mcap_zscore_252d,transmission,zscore,235,0.9236765183501136,2025-09-12,2026-05-04,0.6865316176075513,235,True,True,True,False,False,False,False,False,False,False,False,scoring_ready,,source:transmission
net_liquidity_change_7d,usd_liquidity,absolute_change,2308,0.2504059759662228,2020-01-09,2026-05-04,25.286000000000058,2308,True,True,True,False,False,False,False,False,False,False,False,scoring_ready,,field_computed;source:usd_liquidity
net_liquidity_growth_30d,usd_liquidity,pct_change,2285,0.2578759337447223,2020-02-01,2026-05-04,-0.03227773181205651,2285,True,True,True,False,False,False,False,False,False,False,False,scoring_ready,,field_computed;source:transmission
net_liquidity_growth_90d,usd_liquidity,pct_change,2225,0.2773627801234167,2020-04-01,2026-05-04,0.009170482490769905,2225,True,True,True,False,False,False,False,False,False,False,False,scoring_ready,,field_computed;source:transmission
rrp_billion,usd_liquidity,raw_level,2315,0.2481325105553751,2020-01-02,2026-05-04,0.607,2315,True,True,True,False,False,False,False,False,False,False,False,scoring_ready,,field_conflict_resolved;field_forward_filled;field_standardized;source:usd_liquidity
tga_billion_change_7d,usd_liquidity,absolute_change,2305,0.2513803182851575,2020-01-09,2026-05-01,-4.867999999999938,2305,True,True,True,False,False,False,False,False,False,False,False,scoring_ready,,source:usd_liquidity
tga_billion_change_90d,usd_liquidity,absolute_change,2225,0.2773627801234167,2020-04-01,2026-05-04,61.490999999999985,2225,True,True,True,False,False,False,False,False,False,False,False,scoring_ready,,field_computed;source:usd_liquidity
tga_billion_pct_change_30d,usd_liquidity,pct_change,2285,0.2578759337447223,2020-02-01,2026-05-04,0.28575957174197364,2285,True,True,True,False,False,False,False,False,False,False,False,scoring_ready,,field_computed;source:usd_liquidity
tga_billion_pct_change_90d,usd_liquidity,pct_change,2225,0.2773627801234167,2020-04-01,2026-05-04,0.0677294215611548,2225,True,True,True,False,False,False,False,False,False,False,False,scoring_ready,,field_computed;source:usd_liquidity
tga_billion_zscore_252d,usd_liquidity,zscore,2190,0.288730107177655,2020-05-06,2026-05-04,1.232169444613292,2190,True,True,True,False,False,False,False,False,False,False,False,scoring_ready,,field_computed;source:usd_liquidity
usd_liquidity_proxy_no_tga,usd_liquidity,raw_level,2315,0.2481325105553751,2020-01-02,2026-05-04,6699.343,2315,True,True,True,False,False,False,False,False,False,False,False,scoring_ready,,field_forward_filled;source:usd_liquidity
walcl,usd_liquidity,raw_level,2313,0.2487820721013316,2020-01-01,2026-05-01,6699950.0,2313,True,True,True,False,False,False,False,False,False,False,False,scoring_ready,,field_standardized
walcl_billion,usd_liquidity,raw_level,2316,0.2478077297823968,2020-01-01,2026-05-04,6699.95,2316,True,True,True,False,False,False,False,False,False,False,False,scoring_ready,,field_conflict_resolved;field_forward_filled;field_standardized;source:usd_liquidity
